badname1,badname2,badname3,delta1_3
74.070,129.590,71.71390,2.35610
75.150,97.320,73.46700,1.68300
164.590,143.660,162.90700,1.68300
90.510,85.000,89.52076,0.98924
107.440,51.250,105.48930,1.95070
114.050,123.390,112.45870,1.59130
64.610,110.180,62.90380,1.70620
125.670,114.190,123.31080,2.35920
152.440,62.880,150.39390,2.04610
139.810,117.780,138.46380,1.34620
81.420,116.240,79.55910,1.86090
101.450,136.900,99.73130,1.71870
112.600,140.190,110.93140,1.66860
108.690,117.350,106.55410,2.13590
100.400,133.500,97.97770,2.42230
127.970,98.850,125.14850,2.82150
127.760,129.500,126.16920,1.59080
91.800,125.010,90.13880,1.66120
117.340,84.140,115.57400,1.76600
132.320,125.990,130.28170,2.03830
104.520,147.710,102.50700,2.01300
120.110,99.450,117.70050,2.40950
108.540,70.410,105.51600,3.02400
113.350,54.120,111.01360,2.33640
109.280,114.590,107.38590,1.89410
150.250,109.540,147.80090,2.44910
92.410,93.170,90.63320,1.77680
89.090,114.940,87.03490,2.05510
125.510,143.050,124.34820,1.16180
140.680,145.940,139.69934,0.98066
134.330,108.380,132.78140,1.54860
142.230,134.270,139.50220,2.72780
124.740,151.370,123.37990,1.36010
82.650,118.390,80.70010,1.94990
128.970,142.920,126.46450,2.50550
130.700,100.000,128.97530,1.72470
127.160,119.720,125.43480,1.72520
76.120,74.140,74.86040,1.25960
104.090,64.470,101.54720,2.54280
95.720,157.150,93.10840,2.61160
122.870,160.470,122.24176,0.62824
113.300,117.090,111.26310,2.03690
99.130,133.050,96.94000,2.19000
69.140,118.170,66.61170,2.52830
104.090,125.670,102.32340,1.76660
124.880,125.990,122.17670,2.70330
142.550,122.990,140.77690,1.77310
125.090,128.380,123.03020,2.05980
152.000,94.850,149.64530,2.35470
109.480,85.750,107.56540,1.91460
104.840,106.150,102.13040,2.70960
120.830,125.640,118.41620,2.41380
118.900,136.880,116.50390,2.39610
69.940,92.410,68.29410,1.64590
102.170,67.920,100.16960,2.00040
121.270,127.270,119.92990,1.34010
76.260,101.580,74.00990,2.25010
88.660,147.850,86.58350,2.07650
155.530,96.860,153.62750,1.90250
92.620,112.910,90.68260,1.93740
146.020,154.880,143.67440,2.34560
94.980,123.070,92.67600,2.30400
139.580,132.460,137.82680,1.75320
143.390,139.320,142.05640,1.33360
139.330,121.520,137.37620,1.95380
124.020,98.510,122.16000,1.86000
92.510,170.210,90.58710,1.92290
100.190,86.910,98.89510,1.29490
112.770,96.780,110.96900,1.80100
87.170,120.040,84.12270,3.04730
145.400,128.960,143.28060,2.11940
109.410,108.760,107.39670,2.01330
155.260,157.640,151.82100,3.43900
141.990,87.460,140.69230,1.29770
137.660,101.980,135.55430,2.10570
112.640,139.510,110.72080,1.91920
140.230,91.400,137.61540,2.61460
165.300,103.490,163.80610,1.49390
72.540,140.810,70.88930,1.65070
60.790,104.750,58.83230,1.95770
135.820,78.150,133.82990,1.99010
110.910,147.910,109.04730,1.86270
137.180,117.160,135.93470,1.24530
122.810,118.590,120.97710,1.83290
110.050,117.990,107.50490,2.54510
101.220,152.700,99.63490,1.58510
127.070,147.580,124.52340,2.54660
83.100,124.710,81.01560,2.08440
89.070,69.430,87.76870,1.30130
160.100,105.540,158.12890,1.97110
100.620,140.000,97.82640,2.79360
74.800,108.390,73.27700,1.52300
84.520,88.070,81.77670,2.74330
147.170,108.000,144.69640,2.47360
94.910,171.220,92.87250,2.03750
155.730,155.300,153.68870,2.04130
164.820,107.690,163.09890,1.72110
105.240,113.160,102.69600,2.54400
138.540,106.720,136.87850,1.66150
122.380,116.500,120.74980,1.63020
39.910,162.600,37.86000,2.05000
86.320,122.710,84.31700,2.00300
79.490,78.960,77.94940,1.54060
83.260,151.360,80.92470,2.33530
96.150,127.590,93.05920,3.09080
134.740,121.980,133.00070,1.73930
148.260,103.040,146.94210,1.31790
118.430,143.400,115.53590,2.89410
147.360,137.630,145.64290,1.71710
139.060,88.480,138.02260,1.03740
80.770,99.230,78.41820,2.35180
136.980,86.150,134.84620,2.13380
146.130,128.430,144.87220,1.25780
99.140,103.210,96.93560,2.20440
96.420,121.150,93.92640,2.49360
102.170,131.570,100.30830,1.86170
139.470,128.390,136.86750,2.60250
95.420,101.740,93.02270,2.39730
71.410,134.700,69.40710,2.00290
123.530,101.420,122.31880,1.21120
92.160,90.780,89.71060,2.44940
125.600,124.320,122.51080,3.08920
151.580,115.030,149.30380,2.27620
113.460,104.000,111.19030,2.26970
58.990,107.590,56.23110,2.75890
106.170,109.860,103.85150,2.31850
109.180,144.780,107.25830,1.92170
105.680,107.620,104.08570,1.59430
124.240,67.350,122.60760,1.63240
57.630,79.600,55.00210,2.62790
105.310,97.760,103.30410,2.00590
98.240,50.190,96.85600,1.38400
84.170,73.390,81.79600,2.37400
82.260,104.920,79.89490,2.36510
115.320,124.520,113.77480,1.54520
119.990,100.440,117.65960,2.33040
105.410,121.740,103.15930,2.25070
153.580,91.270,152.45160,1.12840
114.260,104.700,111.48140,2.77860
141.540,96.240,139.01520,2.52480
80.650,63.670,79.45290,1.19710
126.660,66.500,125.34420,1.31580
90.020,103.480,88.03730,1.98270
105.190,176.450,103.33380,1.85620
123.780,117.300,122.09230,1.68770
94.420,117.220,92.09890,2.32110
127.150,102.800,125.42950,1.72050
124.160,78.280,121.67670,2.48330
119.620,107.940,116.78660,2.83340
99.450,92.570,97.39290,2.05710
100.410,96.430,97.53820,2.87180
103.610,74.970,101.15060,2.45940
145.460,83.970,143.45630,2.00370
107.890,144.020,106.01220,1.87780
125.210,55.880,122.30740,2.90260
127.910,97.990,125.69350,2.21650
103.740,95.080,101.12450,2.61550
88.630,137.950,86.54180,2.08820
116.190,64.860,113.71530,2.47470
115.780,121.130,113.86590,1.91410
88.330,82.380,86.00690,2.32310
54.540,122.400,52.41060,2.12940
134.980,56.920,131.79600,3.18400
113.080,106.570,112.14988,0.93012
116.700,99.540,114.55570,2.14430
140.200,103.230,137.61130,2.58870
99.110,136.060,96.51240,2.59760
106.670,117.740,104.39740,2.27260
97.840,107.970,95.95390,1.88610
91.880,97.700,89.33870,2.54130
87.410,146.220,85.31660,2.09340
106.750,123.430,105.18780,1.56220
97.630,132.880,96.40290,1.22710
95.960,100.400,94.47570,1.48430
167.260,120.440,164.82380,2.43620
156.670,87.250,154.31860,2.35140
111.970,91.050,110.32690,1.64310
128.170,108.040,126.45870,1.71130
140.400,83.370,138.31650,2.08350
137.140,95.610,135.35320,1.78680
109.870,116.550,107.31340,2.55660
143.740,88.230,141.54540,2.19460
107.030,90.660,105.07900,1.95100
140.990,164.300,138.31400,2.67600
63.130,136.880,61.98550,1.14450
113.380,132.740,111.39360,1.98640
161.010,102.760,158.55060,2.45940
118.650,107.410,116.53570,2.11430
152.250,129.380,150.42050,1.82950
76.940,117.350,75.37800,1.56200
112.100,96.160,110.05040,2.04960
85.520,135.920,84.29260,1.22740
87.560,109.880,85.68480,1.87520
136.330,135.700,134.55580,1.77420
122.800,128.160,120.80680,1.99320
118.530,125.830,116.84140,1.68860
104.960,120.530,102.05090,2.90910
139.070,122.660,137.14830,1.92170
105.110,77.710,103.23530,1.87470
155.410,91.430,153.69960,1.71040
130.050,92.960,128.99570,1.05430
99.930,96.550,97.36090,2.56910
109.420,82.900,107.22110,2.19890
173.450,116.320,171.57210,1.87790
137.980,120.270,135.55300,2.42700
108.310,108.360,106.16390,2.14610
114.120,93.980,111.94420,2.17580
81.190,135.170,79.04900,2.14100
99.060,90.000,97.96480,1.09520
109.620,114.700,106.48460,3.13540
95.480,131.210,93.31010,2.16990
96.610,71.500,94.68730,1.92270
100.850,124.660,99.28950,1.56050
139.080,105.950,136.62650,2.45350
145.610,120.040,142.86950,2.74050
120.020,92.020,118.10480,1.91520
113.320,120.840,111.76940,1.55060
111.840,142.710,109.16220,2.67780
90.620,113.490,89.00820,1.61180
138.640,94.020,136.23900,2.40100
108.860,84.930,106.94740,1.91260
134.990,116.090,133.39220,1.59780
118.250,158.180,116.21170,2.03830
171.620,116.060,170.21780,1.40220
116.630,89.360,115.08170,1.54830
126.350,139.330,124.22360,2.12640
110.580,143.900,108.60060,1.97940
77.380,93.640,75.17650,2.20350
99.510,82.570,98.05530,1.45470
149.520,138.700,147.62860,1.89140
145.500,116.660,143.32640,2.17360
90.400,111.710,88.53700,1.86300
100.110,143.260,97.87390,2.23610
147.520,126.670,145.83550,1.68450
154.770,169.940,152.29940,2.47060
88.920,114.010,86.67280,2.24720
117.040,129.350,115.67990,1.36010
92.420,114.470,91.31930,1.10070
121.060,131.610,119.29200,1.76800
137.570,100.180,136.27440,1.29560
71.940,107.800,69.08660,2.85340
74.140,98.730,72.40570,1.73430
120.570,92.120,118.94510,1.62490
109.080,139.520,106.95270,2.12730
62.840,72.430,60.49340,2.34660
121.050,129.850,119.28790,1.76210
88.270,105.840,85.16040,3.10960
87.540,80.640,85.76860,1.77140
102.670,112.660,101.16860,1.50140
151.820,109.580,149.65280,2.16720
137.690,123.780,135.69570,1.99430
116.690,130.270,113.87800,2.81200
119.900,88.460,118.03010,1.86990
118.380,90.010,115.31640,3.06360
111.020,104.490,108.49860,2.52140
94.530,120.010,91.87750,2.65250
125.320,132.700,123.81780,1.50220
134.830,34.230,133.84512,0.98488
112.830,73.440,110.16090,2.66910
114.550,183.900,112.53350,2.01650
128.520,85.230,125.89460,2.62540
158.460,121.270,156.65880,1.80120
115.720,85.260,112.82520,2.89480
131.200,83.130,128.94560,2.25440
111.560,96.460,109.38350,2.17650
53.720,145.500,51.24000,2.48000
97.750,119.410,95.46610,2.28390
89.580,98.520,86.59860,2.98140
77.820,89.760,75.41160,2.40840
125.760,112.760,122.83380,2.92620
136.490,137.410,133.65360,2.83640
153.320,65.250,150.71520,2.60480
62.690,176.450,61.00860,1.68140
109.010,116.160,106.55500,2.45500
130.500,105.460,128.72820,1.77180
106.880,97.100,105.07100,1.80900
93.670,136.040,91.00360,2.66640
133.720,92.810,132.50840,1.21160
94.310,110.220,92.02810,2.28190
53.300,125.610,50.78890,2.51110
108.480,105.110,106.75680,1.72320
131.650,98.040,130.45020,1.19980
107.320,124.650,105.13560,2.18440
147.530,130.290,146.15000,1.38000
91.110,138.370,88.57160,2.53840
110.620,106.020,109.40640,1.21360
122.410,108.270,120.37210,2.03790
116.530,121.210,114.46470,2.06530
103.610,130.620,102.02610,1.58390
111.870,119.020,110.19880,1.67120
103.650,83.530,101.07530,2.57470
106.110,78.380,103.90910,2.20090
110.150,119.560,108.91050,1.23950
56.820,160.980,53.88500,2.93500
80.980,95.120,78.77140,2.20860
108.110,125.700,106.64320,1.46680
143.360,123.160,141.63190,1.72810
94.860,103.540,91.70610,3.15390
107.450,52.800,105.82480,1.62520
176.350,175.940,174.50440,1.84560
110.840,140.350,108.40740,2.43260
77.750,138.020,75.37910,2.37090
140.910,118.750,138.90750,2.00250
111.050,63.300,108.49640,2.55360
109.340,108.180,107.01850,2.32150
122.370,98.890,120.27820,2.09180
119.830,36.470,118.79700,1.03300
155.950,97.360,153.66490,2.28510
115.920,85.180,114.27250,1.64750
96.250,97.380,94.37460,1.87540
116.770,148.600,114.79530,1.97470
89.700,95.610,87.34580,2.35420
93.720,88.750,91.01550,2.70450
76.740,112.270,75.04960,1.69040
74.450,81.860,72.19350,2.25650
94.270,98.600,92.26620,2.00380
89.380,137.020,87.18790,2.19210
58.590,88.690,57.11420,1.47580
100.030,128.200,97.20880,2.82120
122.130,143.380,119.76620,2.36380
141.400,129.460,139.13440,2.26560
115.710,141.390,113.05690,2.65310
107.420,107.270,106.13520,1.28480
121.650,75.620,119.33000,2.32000
122.070,124.300,120.02100,2.04900
126.610,128.300,123.79630,2.81370
71.210,110.890,69.28520,1.92480
136.050,125.650,134.50550,1.54450
140.330,124.360,138.97110,1.35890
141.860,114.500,139.49610,2.36390
80.490,103.900,78.38580,2.10420
134.650,114.420,132.86780,1.78220
139.140,132.970,137.49890,1.64110
142.030,145.520,140.70620,1.32380
139.510,131.320,137.94400,1.56600
130.130,94.940,128.57040,1.55960
143.280,123.600,141.20240,2.07760
146.960,128.890,145.01120,1.94880
173.370,141.810,171.69910,1.67090
122.140,132.390,120.78850,1.35150
126.430,74.500,124.74010,1.68990
114.030,162.870,111.51550,2.51450
74.920,174.100,72.99980,1.92020
110.560,161.550,108.92830,1.63170
87.500,150.290,85.10300,2.39700
109.530,86.310,107.48290,2.04710
147.410,143.010,145.24550,2.16450
97.480,91.930,95.66770,1.81230
125.540,128.900,123.84030,1.69970
76.510,99.470,74.49460,2.01540
135.360,139.940,134.07390,1.28610
176.430,99.660,174.46040,1.96960
135.580,119.990,133.66820,1.91180
87.170,143.230,85.51000,1.66000
131.760,163.920,130.00880,1.75120
131.050,161.010,128.93820,2.11180
65.770,111.920,63.68660,2.08340
136.710,103.310,135.12170,1.58830
62.720,124.310,59.79660,2.92340
81.440,145.460,79.64680,1.79320
71.900,100.780,69.86440,2.03560
77.650,110.810,75.91760,1.73240
140.870,85.610,139.22940,1.64060
121.130,134.060,119.44640,1.68360
99.570,128.600,97.77610,1.79390
102.440,129.150,100.99630,1.44370
138.200,109.410,136.16730,2.03270
108.030,76.600,105.99550,2.03450
93.400,64.550,91.38090,2.01910
116.370,131.610,114.45660,1.91340
141.160,102.070,138.99380,2.16620
109.380,102.900,107.11800,2.26200
134.260,121.860,131.59590,2.66410
116.670,140.110,115.58800,1.08200
114.790,136.610,112.53500,2.25500
62.230,83.160,60.39520,1.83480
102.270,141.390,100.27140,1.99860
151.010,77.520,150.36380,0.64620
138.510,110.210,136.55580,1.95420
135.470,102.580,133.27670,2.19330
102.020,132.130,99.54510,2.47490
116.930,137.580,114.31350,2.61650
112.360,138.810,109.64010,2.71990
113.150,111.800,111.17520,1.97480
164.170,136.260,161.54720,2.62280
125.350,107.630,124.18300,1.16700
83.890,105.620,82.26240,1.62760
62.830,111.660,60.36260,2.46740
139.100,89.030,138.28260,0.81740
142.480,146.200,139.45010,3.02990
110.860,119.480,108.81770,2.04230
64.640,117.320,62.66380,1.97620
104.590,68.970,102.97410,1.61590
92.800,141.910,90.66590,2.13410
110.940,188.430,109.07030,1.86970
80.600,144.290,78.68340,1.91660
65.990,109.470,63.94140,2.04860
101.280,148.640,98.40880,2.87120
102.580,154.280,100.26130,2.31870
110.170,87.180,108.49930,1.67070
85.350,98.440,83.44860,1.90140
98.460,84.520,97.08340,1.37660
95.800,139.120,94.30390,1.49610
118.530,108.650,116.46960,2.06040
130.330,124.130,128.04130,2.28870
94.880,136.400,93.36640,1.51360
97.940,139.110,96.79170,1.14830
98.180,150.990,95.91920,2.26080
116.910,130.220,115.00130,1.90870
140.830,83.560,138.60780,2.22220
141.790,138.160,140.07390,1.71610
161.360,70.320,158.35890,3.00110
137.040,138.530,135.06580,1.97420
67.280,90.810,65.57310,1.70690
106.200,112.650,102.95450,3.24550
83.920,105.400,81.64760,2.27240
101.710,104.950,99.36670,2.34330
118.460,107.240,115.35490,3.10510
79.820,108.920,77.44890,2.37110
115.090,136.240,113.83420,1.25580
92.630,96.730,91.13650,1.49350
110.220,125.550,108.36890,1.85110
86.580,127.070,84.43670,2.14330
121.470,111.480,119.39740,2.07260
118.030,78.570,115.46610,2.56390
159.050,99.850,157.84940,1.20060
104.860,93.110,102.75390,2.10610
130.460,144.580,128.23670,2.22330
132.620,86.070,131.19070,1.42930
117.670,139.740,115.62940,2.04060
64.700,140.330,62.16940,2.53060
120.750,124.630,118.72620,2.02380
133.470,117.700,131.49270,1.97730
133.660,69.370,131.56660,2.09340
63.740,121.650,61.82710,1.91290
119.660,145.920,118.24930,1.41070
178.650,99.430,177.65417,0.99583
101.130,114.710,98.85210,2.27790
118.130,126.960,116.16830,1.96170
80.060,121.230,76.99850,3.06150
117.890,123.120,116.06470,1.82530
114.950,120.680,113.35360,1.59640
106.550,122.330,105.09910,1.45090
148.290,133.850,146.71320,1.57680
55.180,94.090,52.05930,3.12070
172.530,102.840,169.80420,2.72580
89.760,144.040,87.55850,2.20150
122.250,120.270,120.60480,1.64520
46.680,70.200,45.14490,1.53510
104.860,82.130,103.11940,1.74060
79.910,133.000,77.53750,2.37250
148.110,62.590,146.57290,1.53710
155.730,83.810,153.70350,2.02650
84.060,73.160,82.46440,1.59560
111.100,107.130,108.96300,2.13700
70.870,97.510,68.05840,2.81160
89.400,123.630,87.42580,1.97420
133.100,149.500,130.70240,2.39760
133.520,116.430,131.52890,1.99110
101.740,70.670,99.54420,2.19580
57.740,134.870,56.02000,1.72000
119.590,188.350,117.34030,2.24970
105.120,109.070,102.39130,2.72870
97.660,129.310,95.57050,2.08950
117.620,111.090,116.03590,1.58410
91.510,76.460,89.85830,1.65170
88.350,120.000,86.28550,2.06450
115.120,108.380,113.42910,1.69090
75.240,135.530,73.08740,2.15260
128.990,96.490,127.74010,1.24990
139.530,145.640,137.58290,1.94710
59.010,76.820,56.79790,2.21210
148.290,86.060,146.74410,1.54590
122.320,73.480,120.13500,2.18500
110.250,96.720,107.94640,2.30360
114.330,102.380,112.20950,2.12050
72.590,113.080,69.91240,2.67760
112.460,155.830,110.99350,1.46650
131.100,75.910,129.60490,1.49510
153.830,86.210,151.25770,2.57230
126.650,124.710,125.24540,1.40460
116.450,61.850,114.14880,2.30120
101.630,123.060,99.26380,2.36620
119.940,63.430,117.75580,2.18420
83.940,93.000,81.85330,2.08670
97.970,94.620,96.35210,1.61790
129.440,125.050,127.46150,1.97850
89.640,92.910,87.73000,1.91000
74.600,82.440,72.72210,1.87790
104.380,95.290,100.99130,3.38870
146.490,104.730,144.28800,2.20200
122.500,121.330,119.64430,2.85570
125.880,107.540,122.79410,3.08590
127.520,47.420,125.04590,2.47410
94.300,69.620,91.21540,3.08460
92.190,131.380,90.64240,1.54760
105.410,69.340,103.43980,1.97020
138.210,112.530,136.01320,2.19680
99.740,86.460,97.76780,1.97220
135.540,100.750,133.85820,1.68180
115.540,179.710,112.76750,2.77250
124.270,89.750,122.46390,1.80610
85.230,106.300,82.84020,2.38980
140.760,74.530,139.19860,1.56140
86.230,108.920,84.51580,1.71420
123.600,121.650,122.87524,0.72476
149.740,70.650,148.11930,1.62070
137.320,107.320,135.29380,2.02620
139.050,61.530,136.87260,2.17740
94.640,72.990,91.81200,2.82800
99.080,93.760,98.02580,1.05420
108.350,105.500,106.06750,2.28250
77.510,117.300,75.93150,1.57850
144.370,88.020,142.00520,2.36480
102.690,128.170,100.72130,1.96870
112.910,137.300,110.99650,1.91350
136.250,130.000,134.79610,1.45390
117.000,88.850,115.58090,1.41910
103.190,97.270,100.89280,2.29720
125.430,124.190,123.28780,2.14220
104.410,125.850,102.65810,1.75190
139.760,109.440,137.13660,2.62340
124.230,86.980,122.76460,1.46540
90.740,150.090,89.15000,1.59000
124.490,159.120,122.08020,2.40980
147.630,87.080,145.63480,1.99520
107.530,104.850,106.11850,1.41150
78.750,134.740,76.92420,1.82580
132.270,117.470,130.13630,2.13370
122.770,136.150,120.81840,1.95160
113.690,105.070,112.17430,1.51570
95.840,157.160,93.60680,2.23320
102.330,79.750,100.60750,1.72250
85.580,104.440,84.22800,1.35200
95.940,124.650,94.45080,1.48920
115.770,103.330,113.60400,2.16600
93.760,99.440,91.68220,2.07780
87.860,114.000,85.87520,1.98480
78.310,81.330,75.74410,2.56590
101.950,192.660,99.89870,2.05130
113.640,141.340,111.63280,2.00720
146.760,112.110,145.50760,1.25240
103.010,97.100,100.60610,2.40390
118.070,112.160,116.28200,1.78800
111.460,65.800,108.84200,2.61800
101.170,94.640,98.87260,2.29740
129.430,69.900,127.31820,2.11180
113.220,101.210,111.32370,1.89630
98.880,112.320,95.92160,2.95840
63.790,106.210,60.76890,3.02110
113.420,113.210,111.04700,2.37300
115.360,105.530,113.53210,1.82790
127.210,104.430,125.11800,2.09200
97.250,161.200,94.73930,2.51070
121.980,151.800,119.47620,2.50380
70.700,98.170,67.99660,2.70340
80.180,96.490,77.64280,2.53720
140.940,134.710,138.76510,2.17490
109.210,111.870,107.88790,1.32210
119.690,100.260,117.58680,2.10320
108.980,112.380,106.74280,2.23720
74.100,150.070,72.01760,2.08240
101.470,118.800,99.47760,1.99240
138.430,110.120,136.77000,1.66000
86.900,136.110,84.96650,1.93350
119.690,103.480,116.74370,2.94630
117.960,104.250,116.34690,1.61310
116.280,85.550,114.17020,2.10980
107.450,74.740,105.47830,1.97170
109.660,99.570,108.07330,1.58670
88.870,135.780,87.08970,1.78030
133.480,112.640,131.98690,1.49310
125.110,102.210,122.87210,2.23790
130.610,130.950,128.81860,1.79140
139.430,83.530,137.22380,2.20620
94.460,92.680,92.14360,2.31640
130.090,115.560,128.95290,1.13710
95.920,133.580,93.27760,2.64240
118.580,97.920,116.89440,1.68560
140.490,113.520,138.77690,1.71310
127.920,100.200,126.00810,1.91190
132.220,149.860,130.38370,1.83630
128.750,149.300,127.48510,1.26490
140.480,150.810,138.18610,2.29390
135.450,123.430,133.34790,2.10210
99.060,114.300,96.75220,2.30780
98.780,151.930,97.18450,1.59550
114.730,77.930,112.67580,2.05420
122.100,160.210,120.34080,1.75920
82.400,117.260,80.42550,1.97450
111.970,101.430,110.44540,1.52460
123.400,146.310,122.21030,1.18970
104.320,131.000,103.18840,1.13160
154.490,100.130,152.37130,2.11870
104.810,127.690,102.63200,2.17800
103.770,101.470,102.51260,1.25740
131.970,79.580,130.35860,1.61140
166.590,116.270,164.83630,1.75370
106.410,117.230,104.08270,2.32730
124.710,124.690,122.44420,2.26580
132.470,132.780,130.63050,1.83950
75.660,131.730,72.58620,3.07380
128.550,140.660,126.61940,1.93060
72.890,119.800,70.01290,2.87710
128.420,101.750,126.20370,2.21630
121.360,124.420,118.71590,2.64410
77.340,59.190,75.72240,1.61760
100.790,148.480,99.27810,1.51190
89.630,110.100,88.19590,1.43410
115.980,110.740,114.59400,1.38600
94.970,101.900,92.55160,2.41840
152.820,97.420,149.65280,3.16720
125.680,125.260,123.86260,1.81740
85.380,115.540,83.25720,2.12280
103.740,101.830,101.82720,1.91280
143.920,120.800,141.60590,2.31410
118.750,118.690,115.87520,2.87480
124.280,84.770,123.28135,0.99865
139.400,113.540,137.10510,2.29490
145.810,119.560,143.47780,2.33220
105.240,126.830,102.69760,2.54240
125.160,121.390,123.70350,1.45650
94.760,135.850,92.43410,2.32590
45.530,110.830,43.38150,2.14850
104.480,99.660,102.07660,2.40340
62.270,109.510,60.71930,1.55070
110.500,144.320,108.92250,1.57750
140.460,148.370,138.81100,1.64900
93.190,111.990,90.78060,2.40940
128.020,136.740,126.17810,1.84190
119.950,177.370,117.29520,2.65480
118.300,117.990,115.83500,2.46500
109.850,140.380,107.40750,2.44250
145.190,122.610,143.66520,1.52480
116.430,74.360,113.94960,2.48040
162.530,151.910,161.35200,1.17800
137.210,98.060,135.51830,1.69170
87.770,126.430,85.20050,2.56950
104.930,146.310,102.87460,2.05540
101.590,93.760,100.10650,1.48350
82.440,116.130,80.95830,1.48170
136.870,137.810,134.74570,2.12430
70.090,106.070,67.82650,2.26350
112.560,127.570,110.28830,2.27170
138.010,93.970,136.01680,1.99320
110.600,139.970,108.84380,1.75620
119.120,111.950,116.96560,2.15440
179.990,77.340,178.09380,1.89620
138.480,156.990,136.65570,1.82430
146.070,99.820,143.97310,2.09690
148.400,154.330,146.29290,2.10710
88.590,151.590,85.55440,3.03560
139.040,140.840,136.38440,2.65560
125.890,61.350,123.83680,2.05320
142.500,100.360,140.13050,2.36950
134.070,90.740,132.55200,1.51800
87.620,81.990,85.77780,1.84220
130.000,138.530,128.10200,1.89800
92.470,107.250,90.53810,1.93190
120.420,93.080,118.09550,2.32450
100.380,84.190,97.62700,2.75300
129.990,72.650,128.07320,1.91680
145.590,100.760,143.96460,1.62540
101.120,89.000,99.78630,1.33370
116.160,68.180,113.70960,2.45040
114.970,125.920,112.30910,2.66090
146.570,127.960,144.95610,1.61390
83.490,101.480,81.80720,1.68280
103.900,104.680,101.49110,2.40890
100.330,53.360,98.11340,2.21660
79.650,116.560,78.24370,1.40630
114.540,76.900,113.03570,1.50430
133.810,108.460,131.49370,2.31630
105.120,167.790,103.07760,2.04240
125.540,106.670,123.66480,1.87520
125.490,139.300,123.21160,2.27840
85.270,79.480,83.44830,1.82170
105.930,94.620,104.38660,1.54340
138.720,116.640,136.60520,2.11480
107.520,74.190,105.76520,1.75480
130.280,156.240,127.80780,2.47220
90.390,132.370,88.52570,1.86430
140.200,58.070,138.83670,1.36330
127.970,114.890,126.66430,1.30570
141.550,90.160,139.70030,1.84970
102.780,115.140,101.13720,1.64280
108.710,101.420,106.45900,2.25100
88.110,66.500,85.72800,2.38200
104.520,94.310,102.43180,2.08820
190.500,133.030,189.18720,1.31280
112.920,130.500,111.18440,1.73560
126.760,81.580,124.98180,1.77820
90.580,109.210,88.16970,2.41030
123.400,126.040,122.24110,1.15890
147.360,138.250,144.96410,2.39590
104.530,151.260,102.57660,1.95340
96.110,110.160,94.40450,1.70550
125.830,97.730,122.92710,2.90290
59.690,126.410,57.67390,2.01610
118.940,97.320,116.52010,2.41990
104.500,78.410,102.70140,1.79860
88.540,115.490,86.69230,1.84770
147.590,58.460,145.27180,2.31820
125.890,114.740,124.03370,1.85630
85.410,112.680,83.69280,1.71720
109.940,108.190,107.11650,2.82350
133.230,112.120,130.79800,2.43200
80.330,67.510,78.43190,1.89810
99.880,79.660,97.44550,2.43450
189.380,104.260,187.19500,2.18500
114.760,35.380,112.62220,2.13780
128.990,111.690,127.33250,1.65750
145.380,110.600,144.05450,1.32550
135.330,89.540,133.93550,1.39450
102.730,97.520,100.78720,1.94280
144.100,121.980,142.40790,1.69210
76.820,129.330,75.32810,1.49190
112.390,130.830,109.91870,2.47130
112.720,124.680,111.03790,1.68210
72.800,112.710,70.48200,2.31800
113.560,95.720,111.20090,2.35910
116.640,98.900,113.98800,2.65200
94.730,153.570,92.77610,1.95390
111.750,117.300,110.00030,1.74970
144.120,176.240,142.06810,2.05190
111.950,57.290,110.13790,1.81210
137.200,56.090,135.35440,1.84560
114.710,90.060,112.53040,2.17960
116.730,133.840,114.68080,2.04920
97.180,131.630,95.69590,1.48410
130.960,95.620,130.23978,0.72022
104.270,112.460,101.85880,2.41120
98.560,109.110,95.99540,2.56460
136.970,123.630,134.73750,2.23250
115.740,120.750,113.99170,1.74830
126.220,125.490,124.29070,1.92930
130.480,115.450,127.68890,2.79110
123.330,111.070,121.10480,2.22520
126.810,111.310,124.22300,2.58700
123.490,142.370,121.13970,2.35030
154.790,143.650,151.93400,2.85600
75.590,121.550,74.30370,1.28630
109.700,125.600,107.90100,1.79900
71.690,95.410,70.14090,1.54910
128.100,91.540,126.10710,1.99290
88.290,101.040,87.15080,1.13920
126.550,111.560,124.50690,2.04310
60.020,124.140,57.94430,2.07570
83.660,139.020,81.27180,2.38820
90.340,138.100,88.39240,1.94760
113.820,90.250,111.80110,2.01890
156.870,93.510,154.57410,2.29590
114.310,145.980,112.51010,1.79990
105.330,75.050,103.15520,2.17480
121.840,89.470,120.62860,1.21140
111.120,113.700,109.16920,1.95080
114.770,93.410,112.16400,2.60600
131.820,134.250,130.09160,1.72840
110.710,81.680,109.50390,1.20610
97.380,69.970,96.05650,1.32350
111.350,101.270,109.67720,1.67280
89.920,97.210,87.55800,2.36200
84.870,96.590,83.28790,1.58210
88.610,106.700,86.59840,2.01160
100.100,120.200,99.43021,0.66979
87.010,119.530,85.06170,1.94830
136.720,129.760,134.63410,2.08590
128.640,123.500,126.99280,1.64720
119.130,95.040,117.31460,1.81540
119.250,119.050,117.29940,1.95060
107.530,118.230,105.25360,2.27640
131.880,65.920,130.45070,1.42930
114.240,134.700,111.28370,2.95630
93.770,138.350,91.96480,1.80520
94.490,106.590,92.76750,1.72250
151.540,121.350,149.82730,1.71270
83.290,57.660,80.93150,2.35850
91.580,175.160,89.44280,2.13720
112.620,44.920,110.41140,2.20860
131.660,78.880,129.14750,2.51250
177.130,93.150,174.55370,2.57630
154.670,138.200,152.58370,2.08630
102.010,116.600,100.29200,1.71800
136.330,116.940,134.60880,1.72120
141.210,109.510,138.32770,2.88230
150.750,83.510,148.74110,2.00890
88.880,93.880,87.10360,1.77640
92.570,151.220,90.08080,2.48920
109.300,79.280,108.14770,1.15230
93.910,136.590,90.97070,2.93930
109.550,112.050,107.76700,1.78300
69.960,110.260,67.85070,2.10930
111.470,127.810,109.61320,1.85680
135.060,89.050,132.74080,2.31920
148.290,99.060,145.67620,2.61380
73.070,117.110,71.50450,1.56550
96.720,151.380,95.33170,1.38830
124.500,50.890,121.89960,2.60040
91.740,87.420,90.18600,1.55400
149.390,126.600,147.82920,1.56080
132.680,149.320,131.26610,1.41390
111.540,153.250,108.89360,2.64640
101.430,137.410,98.96320,2.46680
85.300,56.750,83.50820,1.79180
96.730,134.440,94.39800,2.33200
161.170,133.980,159.25050,1.91950
82.830,103.310,80.27060,2.55940
132.280,114.210,130.28980,1.99020
98.940,106.990,97.06410,1.87590
87.880,96.980,86.54870,1.33130
118.690,81.980,116.17700,2.51300
162.480,124.290,160.98430,1.49570
128.690,126.340,126.28300,2.40700
126.070,118.490,125.17755,0.89245
133.140,108.430,130.85030,2.28970
57.310,87.210,54.93500,2.37500
101.820,132.080,100.01150,1.80850
101.490,122.210,98.86100,2.62900
100.300,135.030,99.02860,1.27140
92.580,92.580,90.86090,1.71910
147.110,120.320,145.44110,1.66890
146.590,100.370,143.95500,2.63500
96.320,92.060,94.71050,1.60950
117.120,159.910,115.65010,1.46990
144.400,134.490,142.97720,1.42280
136.880,116.500,135.34560,1.53440
98.940,93.760,96.79070,2.14930
110.090,110.840,107.74190,2.34810
133.060,100.120,130.44810,2.61190
112.040,119.550,109.15460,2.88540
134.690,145.710,131.60130,3.08870
122.480,124.060,121.69703,0.78297
137.400,126.160,135.99140,1.40860
123.910,94.830,122.97500,0.93500
63.730,106.420,62.85744,0.87256
56.870,146.600,54.65780,2.21220
134.510,95.090,132.73170,1.77830
130.740,115.170,129.64530,1.09470
89.230,146.100,86.19180,3.03820
123.270,153.400,120.92040,2.34960
126.200,135.170,124.18980,2.01020
141.080,89.170,139.54000,1.54000
123.370,124.660,121.65830,1.71170
80.640,124.560,78.15820,2.48180
89.920,127.660,87.44220,2.47780
140.300,124.750,137.98610,2.31390
112.470,127.370,110.42930,2.04070
142.030,130.890,140.42780,1.60220
137.210,118.600,135.68340,1.52660
153.170,87.260,150.79590,2.37410
134.660,165.710,132.24040,2.41960
110.740,124.020,109.18840,1.55160
84.990,117.460,83.32030,1.66970
104.140,118.570,102.29080,1.84920
169.260,96.030,167.10950,2.15050
134.260,81.250,131.08820,3.17180
102.100,101.670,99.95730,2.14270
154.670,116.760,152.62740,2.04260
135.620,89.510,133.87410,1.74590
123.840,134.480,121.67480,2.16520
78.560,95.350,77.07500,1.48500
144.840,158.520,142.98840,1.85160
105.820,100.830,104.45290,1.36710
126.530,133.480,125.63457,0.89543
82.300,90.730,80.08630,2.21370
105.860,110.340,104.14100,1.71900
144.190,154.380,142.61740,1.57260
134.950,120.830,132.78830,2.16170
158.010,128.530,156.43290,1.57710
134.570,91.800,132.64250,1.92750
133.070,116.340,131.18100,1.88900
127.400,91.050,125.40830,1.99170
55.510,99.790,53.15980,2.35020
90.350,91.350,88.22650,2.12350
99.170,98.240,98.10820,1.06180
80.050,114.380,77.97690,2.07310
88.810,97.850,86.95410,1.85590
160.400,73.720,158.82050,1.57950
65.990,91.940,64.57530,1.41470
91.370,105.250,89.69000,1.68000
86.120,123.000,84.72870,1.39130
154.810,144.830,153.89809,0.91191
69.410,137.290,66.76250,2.64750
163.560,134.020,161.50560,2.05440
107.250,81.480,104.70660,2.54340
113.580,53.620,111.79500,1.78500
121.950,104.500,119.63340,2.31660
122.270,101.360,120.87280,1.39720
133.560,118.590,130.72380,2.83620
97.220,112.620,95.50530,1.71470
140.220,115.680,138.43040,1.78960
112.760,166.690,110.04320,2.71680
132.200,145.000,131.04430,1.15570
92.550,104.480,90.74140,1.80860
103.780,123.110,101.49580,2.28420
105.550,112.770,104.31700,1.23300
134.550,120.100,132.66280,1.88720
96.390,125.840,94.06270,2.32730
169.330,84.220,167.57040,1.75960
53.220,155.240,51.39600,1.82400
104.010,102.670,101.81560,2.19440
117.530,155.930,115.40310,2.12690
120.450,113.830,118.34880,2.10120
174.310,76.870,172.85770,1.45230
100.790,102.420,99.62000,1.17000
89.260,107.890,87.29580,1.96420
148.020,89.270,145.81650,2.20350
107.580,123.370,105.73780,1.84220
105.240,103.400,102.73750,2.50250
109.160,112.790,107.31430,1.84570
111.600,69.440,109.03610,2.56390
129.140,99.660,127.53780,1.60220
73.920,61.120,72.15150,1.76850
49.090,110.230,47.09910,1.99090
100.470,130.850,98.65010,1.81990
114.860,86.490,112.74490,2.11510
124.000,110.850,121.95200,2.04800
107.070,130.480,104.91690,2.15310
138.710,92.040,137.20050,1.50950
105.420,79.580,103.75050,1.66950
142.210,99.840,140.33740,1.87260
78.540,69.610,76.61290,1.92710
114.490,88.940,112.69090,1.79910
138.600,100.370,137.30920,1.29080
97.890,132.200,96.07360,1.81640
118.500,95.780,116.89410,1.60590
129.170,91.930,127.84120,1.32880
89.240,141.110,87.47360,1.76640
62.910,129.710,61.26920,1.64080
168.200,114.820,166.95270,1.24730
135.770,162.610,133.52760,2.24240
107.260,90.960,106.40421,0.85579
90.060,116.680,87.21270,2.84730
107.220,132.250,105.06420,2.15580
113.370,93.560,111.93320,1.43680
100.690,87.030,99.31860,1.37140
111.260,100.750,109.54550,1.71450
109.270,103.810,107.30510,1.96490
146.660,95.970,145.79736,0.86264
98.730,82.850,96.93920,1.79080
109.370,100.160,108.13470,1.23530
100.550,137.120,98.25520,2.29480
106.690,104.520,104.31190,2.37810
149.830,86.810,148.23990,1.59010
120.680,136.260,118.55580,2.12420
146.750,130.270,144.44010,2.30990
147.740,130.490,145.20270,2.53730
102.520,122.270,101.21440,1.30560
126.900,139.290,125.58620,1.31380
92.420,102.160,90.50980,1.91020
87.880,92.660,86.42320,1.45680
105.410,160.410,103.70250,1.70750
105.950,120.790,105.07632,0.87368
122.500,98.430,121.18060,1.31940
145.460,130.250,142.07510,3.38490
112.220,112.650,110.25870,1.96130
138.050,104.250,136.38490,1.66510
121.240,94.540,119.15500,2.08500
117.930,152.320,116.23060,1.69940
120.330,154.840,117.65890,2.67110
117.250,58.380,115.68790,1.56210
136.820,143.340,133.95680,2.86320
53.470,116.970,51.04370,2.42630
123.690,79.410,122.10600,1.58400
106.460,96.360,104.60940,1.85060
115.650,82.310,113.83020,1.81980
124.550,145.380,122.54960,2.00040
110.500,122.040,107.29040,3.20960
99.780,98.120,97.62290,2.15710
125.700,161.140,124.18100,1.51900
100.720,124.430,99.20090,1.51910
117.290,73.440,115.21240,2.07760
90.770,147.030,88.40450,2.36550
106.270,117.670,103.76330,2.50670
106.100,55.560,104.32470,1.77530
147.340,90.950,144.17730,3.16270
119.090,172.040,116.81420,2.27580
65.680,104.320,63.52920,2.15080
125.220,129.780,124.06850,1.15150
109.800,76.140,107.47090,2.32910
121.780,118.920,119.91220,1.86780
98.420,109.940,96.40850,2.01150
110.330,90.180,107.54620,2.78380
114.510,103.680,112.24580,2.26420
155.850,87.610,154.35330,1.49670
91.050,151.820,89.30610,1.74390
112.070,142.300,109.18830,2.88170
80.460,133.450,78.32740,2.13260
141.020,94.410,138.54690,2.47310
139.020,167.640,137.65800,1.36200
98.580,65.310,97.27230,1.30770
87.580,114.840,85.43070,2.14930
128.780,80.600,127.02970,1.75030
125.280,112.160,123.53380,1.74620
128.410,90.170,126.33650,2.07350
110.550,119.840,108.59240,1.95760
155.700,126.870,153.85700,1.84300
129.320,132.360,125.63430,3.68570
84.550,152.650,82.29520,2.25480
174.510,105.070,172.14560,2.36440
104.260,118.900,101.65650,2.60350
126.310,88.200,124.72080,1.58920
157.660,102.220,155.19050,2.46950
112.860,79.610,110.76540,2.09460
119.550,112.740,117.47040,2.07960
83.610,159.730,81.10650,2.50350
142.170,127.870,140.14630,2.02370
128.800,128.040,127.36080,1.43920
93.900,90.000,91.69970,2.20030
162.790,77.460,160.89430,1.89570
155.450,81.920,152.93910,2.51090
105.560,94.720,103.14420,2.41580
133.780,78.090,131.71790,2.06210
132.910,94.140,131.11450,1.79550
108.720,144.050,106.95120,1.76880
114.620,111.530,112.92230,1.69770
114.790,102.970,112.26080,2.52920
124.930,114.920,123.56800,1.36200
126.610,143.160,125.38260,1.22740
65.330,120.000,62.72370,2.60630
107.160,123.710,105.02810,2.13190
107.730,97.620,105.08060,2.64940
108.800,101.150,107.50840,1.29160
80.340,128.150,78.68800,1.65200
94.790,110.180,92.52400,2.26600
139.480,122.850,136.68010,2.79990
136.970,102.040,134.38320,2.58680
100.300,140.210,97.77850,2.52150
108.280,98.250,106.01230,2.26770
153.220,76.780,151.59520,1.62480
140.890,68.870,139.68400,1.20600
87.990,97.590,86.15500,1.83500
82.690,105.510,80.24800,2.44200
84.510,112.150,81.97760,2.53240
102.840,127.200,101.66520,1.17480
108.720,96.310,105.79860,2.92140
111.260,132.820,109.63820,1.62180
170.860,114.060,168.31690,2.54310
123.170,120.620,121.17850,1.99150
145.680,75.900,144.01730,1.66270
112.660,121.120,110.36720,2.29280
125.920,99.560,123.57680,2.34320
104.590,131.240,102.75710,1.83290
132.360,153.910,129.53890,2.82110
108.530,112.490,106.02050,2.50950
128.880,114.690,126.33380,2.54620
113.290,158.180,110.73790,2.55210
78.210,144.420,76.24730,1.96270
92.360,87.170,90.61170,1.74830
101.580,127.680,99.78940,1.79060
107.120,84.200,105.39060,1.72940
117.130,151.620,113.84810,3.28190
105.980,114.460,104.93670,1.04330
99.970,120.510,98.39930,1.57070
143.540,125.400,141.78040,1.75960
83.720,94.030,81.68180,2.03820
139.590,178.940,137.22250,2.36750
90.090,108.360,87.43490,2.65510
119.220,113.730,116.67470,2.54530
90.720,120.590,88.62710,2.09290
133.840,158.950,132.23470,1.60530
130.430,113.170,129.25640,1.17360
109.690,112.240,107.04990,2.64010
80.110,106.660,78.62490,1.48510
132.680,129.910,130.27590,2.40410
83.020,117.980,79.59620,3.42380
109.450,147.050,107.14560,2.30440
119.110,121.140,117.16480,1.94520
129.350,114.290,127.93580,1.41420
102.560,97.570,100.99590,1.56410
130.730,118.610,128.87800,1.85200
65.080,116.440,63.01030,2.06970
142.480,71.980,140.76840,1.71160
85.600,82.930,83.03210,2.56790
95.170,112.840,92.98000,2.19000
99.920,92.490,97.23640,2.68360
151.020,119.940,149.43670,1.58330
91.500,95.550,89.84200,1.65800
150.830,104.920,148.21760,2.61240
101.240,89.850,98.80000,2.44000
158.440,82.060,156.30270,2.13730
96.030,81.730,93.94410,2.08590
129.260,146.760,127.67630,1.58370
112.660,151.250,110.79680,1.86320
143.690,80.710,141.80320,1.88680
123.350,77.930,121.80950,1.54050
142.590,115.740,140.08820,2.50180
107.820,68.250,105.83880,1.98120
143.090,119.560,140.53820,2.55180
95.680,94.140,93.65320,2.02680
104.670,162.990,102.57410,2.09590
103.170,119.520,101.30690,1.86310
153.200,119.500,150.95980,2.24020
96.060,141.110,94.90590,1.15410
100.930,99.060,98.57110,2.35890
109.010,126.570,106.14890,2.86110
147.610,139.150,145.20090,2.40910
99.060,139.400,96.93640,2.12360
111.200,116.340,109.49320,1.70680
118.420,97.960,116.08200,2.33800
107.610,157.550,106.13740,1.47260
116.870,90.200,114.13050,2.73950
81.890,143.010,78.90770,2.98230
151.540,112.690,149.28180,2.25820
138.230,106.710,136.95270,1.27730
141.000,80.580,139.38140,1.61860
146.000,87.290,143.55820,2.44180
115.760,94.120,114.31810,1.44190
131.020,93.610,128.57580,2.44420
82.920,114.130,81.56920,1.35080
97.970,167.040,95.82540,2.14460
108.980,116.990,107.24670,1.73330
73.440,117.530,71.40230,2.03770
167.510,100.060,165.96000,1.55000
91.370,129.310,88.62050,2.74950
98.880,54.620,96.51340,2.36660
109.590,91.640,107.12050,2.46950
80.130,122.530,78.23790,1.89210
147.740,148.690,146.48790,1.25210
97.630,119.290,96.03420,1.59580
150.280,136.160,148.28590,1.99410
131.950,149.240,129.69140,2.25860
94.700,69.280,92.87180,1.82820
133.030,127.590,130.71770,2.31230
111.300,111.800,109.39410,1.90590
107.450,108.160,105.59700,1.85300
122.960,101.650,120.67250,2.28750
106.870,147.480,104.91840,1.95160
88.590,153.560,86.39240,2.19760
96.740,103.240,94.59520,2.14480
143.060,118.350,141.22530,1.83470
100.680,99.600,98.86560,1.81440
104.580,106.290,102.65190,1.92810
122.150,98.950,119.82450,2.32550
50.440,159.800,48.23790,2.20210
89.660,117.380,88.18020,1.47980
97.540,99.470,95.86860,1.67140
137.420,116.000,135.74350,1.67650
111.830,93.580,109.65060,2.17940
134.520,122.620,132.59350,1.92650
104.240,86.890,100.80930,3.43070
138.460,150.920,136.88910,1.57090
129.720,139.270,127.49570,2.22430
89.670,84.360,87.61130,2.05870
127.270,123.740,125.14790,2.12210
105.390,91.850,103.57200,1.81800
108.630,94.970,106.45410,2.17590
111.800,90.470,109.27900,2.52100
130.890,102.280,128.54090,2.34910
85.300,176.430,82.64970,2.65030
94.960,122.310,92.86710,2.09290
114.280,144.480,112.61650,1.66350
112.420,119.600,110.25410,2.16590
103.000,121.660,101.72850,1.27150
167.030,68.140,164.90920,2.12080
98.070,80.860,95.75400,2.31600
95.750,100.580,93.75640,1.99360
112.750,94.580,110.90660,1.84340
119.530,125.600,117.98970,1.54030
112.790,125.330,110.60260,2.18740
92.450,141.720,90.41310,2.03690
100.560,76.720,99.17540,1.38460
151.930,157.890,149.65240,2.27760
125.570,100.420,124.72433,0.84567
101.200,97.830,99.15820,2.04180
96.970,121.310,95.43140,1.53860
164.480,120.010,162.42560,2.05440
123.230,130.060,120.65550,2.57450
129.410,144.200,127.71930,1.69070
127.650,146.370,125.81020,1.83980
71.660,131.890,69.85870,1.80130
127.100,82.000,125.88410,1.21590
133.510,152.010,131.37510,2.13490
183.940,111.560,182.35210,1.58790
112.960,138.990,111.53890,1.42110
97.950,89.400,97.14560,0.80440
121.620,120.530,120.64606,0.97394
85.040,105.290,83.21350,1.82650
127.350,87.880,125.61320,1.73680
115.170,104.420,114.01630,1.15370
105.210,94.890,103.32800,1.88200
102.570,91.300,100.40560,2.16440
139.950,75.600,138.94770,1.00230
133.560,147.560,132.74060,0.81940
121.580,113.340,119.72050,1.85950
90.470,126.750,88.43300,2.03700
139.340,96.200,137.79470,1.54530
134.320,131.050,132.17130,2.14870
119.380,105.930,118.12040,1.25960
57.670,116.890,55.77260,1.89740
105.370,120.590,103.37040,1.99960
102.640,130.440,101.21750,1.42250
120.460,148.310,118.31490,2.14510
97.980,126.980,96.15400,1.82600
102.320,66.760,99.93850,2.38150
95.260,136.910,93.89050,1.36950
135.450,105.540,133.69690,1.75310
89.610,112.230,88.43730,1.17270
157.360,99.850,155.50980,1.85020
105.170,130.450,102.62680,2.54320
135.110,108.650,133.28660,1.82340
122.550,84.980,120.12260,2.42740
110.480,146.730,108.56360,1.91640
97.820,101.130,95.72910,2.09090
122.150,88.040,119.58520,2.56480
92.950,142.130,91.41550,1.53450
102.580,89.080,100.27540,2.30460
120.010,59.500,118.49950,1.51050
98.450,113.390,96.33420,2.11580
103.470,105.840,101.30260,2.16740
131.510,108.400,128.84600,2.66400
112.300,155.220,109.67450,2.62550
134.550,101.820,132.26070,2.28930
114.340,106.660,111.94580,2.39420
106.330,103.190,103.50210,2.82790
103.720,116.360,102.45870,1.26130
119.870,78.780,117.78820,2.08180
86.040,138.860,83.59510,2.44490
132.570,121.360,130.91680,1.65320
80.010,128.230,78.19630,1.81370
120.240,122.970,117.90540,2.33460
131.650,35.140,129.04830,2.60170
72.560,158.130,71.23620,1.32380
136.180,156.300,135.44840,0.73160
81.610,84.880,79.39690,2.21310
136.910,115.260,134.73500,2.17500
111.720,92.370,109.39820,2.32180
73.570,107.270,70.76180,2.80820
121.730,79.290,119.40290,2.32710
86.060,114.160,84.06760,1.99240
103.640,70.460,101.29220,2.34780
125.030,109.730,123.35300,1.67700
108.040,144.320,105.70240,2.33760
93.360,91.440,91.56220,1.79780
107.290,84.170,105.37020,1.91980
116.330,42.750,113.79560,2.53440
144.680,131.940,141.72130,2.95870
92.390,120.130,89.35440,3.03560
100.760,115.080,98.46040,2.29960
169.000,125.820,167.64170,1.35830
140.480,48.010,138.58940,1.89060
84.280,136.300,82.19940,2.08060
123.500,102.390,121.92650,1.57350
96.380,161.320,94.54560,1.83440
91.300,154.860,89.28580,2.01420
91.110,104.150,88.55100,2.55900
128.550,77.480,126.52340,2.02660
122.420,119.450,121.13110,1.28890
118.090,123.130,115.32330,2.76670
76.480,115.490,73.98250,2.49750
84.520,109.690,81.87530,2.64470
82.720,124.850,80.15800,2.56200
99.780,142.530,97.82000,1.96000
101.620,127.240,99.44710,2.17290
128.500,143.990,126.57450,1.92550
93.530,133.230,90.98690,2.54310
140.460,89.430,138.19310,2.26690
133.960,83.920,132.89650,1.06350
106.140,111.550,103.96260,2.17740
103.660,84.290,101.91610,1.74390
108.590,122.100,105.47310,3.11690
126.720,68.190,125.61720,1.10280
119.550,129.800,117.38960,2.16040
121.830,101.890,118.69210,3.13790
77.830,57.580,75.32820,2.50180
139.280,132.350,137.22460,2.05540
116.910,75.770,114.36300,2.54700
102.520,129.140,101.05400,1.46600
95.470,83.840,93.78170,1.68830
126.880,86.900,124.91470,1.96530
137.470,93.750,135.43050,2.03950
108.170,115.930,106.17120,1.99880
103.860,90.680,101.80150,2.05850
114.660,105.680,113.11510,1.54490
123.100,80.600,120.95660,2.14340
84.850,115.530,83.31160,1.53840
144.760,108.890,142.07630,2.68370
61.050,89.470,58.33740,2.71260
104.650,107.790,102.44950,2.20050
143.350,133.260,141.83520,1.51480
142.080,93.340,141.07160,1.00840
120.490,140.430,117.69080,2.79920
123.930,86.190,122.68850,1.24150
102.970,68.260,100.55250,2.41750
155.940,125.390,153.39340,2.54660
153.590,119.840,151.79180,1.79820
59.340,93.220,57.56620,1.77380
94.110,150.540,92.10440,2.00560
105.360,107.760,103.97220,1.38780
119.680,129.810,116.90580,2.77420
137.660,101.830,135.54210,2.11790
123.100,99.980,120.31700,2.78300
112.480,131.820,109.93730,2.54270
151.170,110.420,149.53930,1.63070
106.190,165.420,104.97240,1.21760
133.370,50.580,131.24100,2.12900
135.970,105.590,133.90000,2.07000
115.610,130.700,113.21750,2.39250
127.510,98.820,126.68468,0.82532
132.650,99.960,131.01360,1.63640
141.220,149.980,138.31680,2.90320
139.200,100.510,137.12970,2.07030
130.740,122.850,128.98490,1.75510
106.280,84.720,104.58800,1.69200
131.740,144.800,128.77890,2.96110
109.460,139.950,107.29990,2.16010
98.480,93.330,96.16340,2.31660
121.260,132.500,118.52510,2.73490
129.630,119.790,127.64140,1.98860
133.300,96.510,131.93350,1.36650
119.290,121.400,117.33270,1.95730
96.420,86.720,94.94430,1.47570
110.340,133.160,109.09620,1.24380
99.080,115.990,97.57420,1.50580
99.000,127.610,96.89710,2.10290
154.880,118.600,152.92000,1.96000
104.320,116.710,102.70370,1.61630
152.970,92.200,151.81050,1.15950
102.460,132.550,99.62240,2.83760
143.030,116.660,140.34500,2.68500
117.250,117.420,114.81680,2.43320
131.960,148.980,129.85480,2.10520
108.300,114.160,105.95940,2.34060
132.860,134.430,131.59860,1.26140
99.180,136.620,97.50720,1.67280
104.770,98.340,102.39930,2.37070
137.110,125.340,134.61040,2.49960
109.820,101.310,107.67730,2.14270
127.710,115.090,125.49370,2.21630
111.000,106.610,109.27130,1.72870
106.820,103.670,105.25890,1.56110
91.340,104.730,89.26960,2.07040
127.650,106.130,125.98950,1.66050
97.460,90.570,95.80200,1.65800
124.810,173.770,122.71010,2.09990
150.750,154.250,148.87140,1.87860
151.950,167.370,149.70030,2.24970
96.500,83.850,94.81920,1.68080
155.160,113.020,153.54990,1.61010
119.860,104.330,117.59750,2.26250
125.690,138.940,124.30560,1.38440
134.480,105.510,133.19130,1.28870
95.210,149.290,93.14140,2.06860
101.980,90.540,100.48180,1.49820
140.130,95.840,139.27639,0.85361
119.490,99.760,118.14210,1.34790
142.810,84.880,141.10000,1.71000
85.420,116.280,83.59410,1.82590
112.330,63.690,110.11910,2.21090
126.720,138.390,125.36880,1.35120
90.340,170.800,88.15470,2.18530
131.080,143.110,128.23130,2.84870
154.500,140.350,151.80560,2.69440
104.030,125.370,102.30720,1.72280
88.300,101.050,86.65560,1.64440
102.350,96.520,99.84010,2.50990
86.550,118.330,84.69760,1.85240
100.770,157.460,98.53080,2.23920
117.800,127.010,115.48510,2.31490
131.870,90.130,129.62680,2.24320
94.110,66.930,92.06610,2.04390
110.710,77.680,108.98650,1.72350
108.410,126.760,107.52098,0.88902
119.680,104.260,117.70390,1.97610
142.860,116.240,140.42660,2.43340
91.230,152.560,88.83380,2.39620
80.070,98.300,77.25250,2.81750
103.310,139.030,101.91300,1.39700
105.510,126.500,104.09870,1.41130
85.820,67.510,85.17329,0.64671
156.710,100.980,155.12470,1.58530
119.770,129.240,118.07190,1.69810
100.480,76.750,99.89514,0.58486
146.970,112.880,145.67090,1.29910
123.730,135.710,122.12030,1.60970
108.700,85.730,106.60970,2.09030
103.310,85.970,101.25230,2.05770
117.000,91.920,114.36890,2.63110
91.830,87.430,89.82660,2.00340
129.660,115.850,127.51300,2.14700
101.280,95.780,99.67450,1.60550
130.400,111.730,128.25980,2.14020
96.040,83.660,94.33520,1.70480
113.010,130.160,111.57660,1.43340
159.970,121.130,158.22490,1.74510
120.380,123.760,118.92310,1.45690
105.680,141.810,103.92380,1.75620
78.800,102.110,77.26000,1.54000
98.290,124.860,96.43050,1.85950
117.630,135.790,115.56280,2.06720
147.570,113.510,145.49140,2.07860
141.300,125.100,139.99290,1.30710
107.270,137.120,105.58180,1.68820
131.750,175.490,130.09150,1.65850
137.430,100.040,136.09150,1.33850
127.230,83.860,125.08720,2.14280
142.020,118.400,139.41820,2.60180
97.560,136.850,95.49720,2.06280
118.690,124.540,116.86330,1.82670
86.700,119.880,85.36590,1.33410
115.840,82.950,113.65110,2.18890
102.060,111.280,99.81330,2.24670
120.170,125.530,118.63090,1.53910
83.900,131.790,81.04470,2.85530
123.420,132.100,121.14860,2.27140
38.260,142.440,36.19980,2.06020
146.820,101.250,144.45090,2.36910
138.100,133.350,136.09940,2.00060
126.150,111.050,124.14890,2.00110
106.440,110.060,104.20410,2.23590
111.340,106.450,109.57580,1.76420
115.610,56.900,113.48790,2.12210
106.340,70.460,104.76130,1.57870
89.000,119.630,87.86200,1.13800
164.460,108.200,162.44070,2.01930
125.860,121.420,124.78330,1.07670
75.940,96.020,73.21070,2.72930
96.100,102.110,93.51580,2.58420
62.650,85.210,60.24140,2.40860
122.970,107.110,121.18390,1.78610
86.010,121.140,83.51110,2.49890
122.680,112.430,120.04790,2.63210
91.770,111.570,89.90770,1.86230
118.240,108.960,116.23530,2.00470
117.130,92.600,116.09760,1.03240
114.570,77.590,112.72800,1.84200
139.470,97.870,136.59150,2.87850
92.970,83.840,91.16590,1.80410
83.720,49.890,83.13171,0.58829
114.350,105.680,112.80540,1.54460
121.880,133.920,119.63980,2.24020
68.850,108.560,66.16010,2.68990
110.970,86.400,108.90180,2.06820
49.670,83.890,46.76320,2.90680
136.210,90.620,134.59160,1.61840
115.970,136.260,114.25320,1.71680
95.800,96.170,93.46390,2.33610
100.450,124.090,99.24280,1.20720
165.820,109.940,164.48130,1.33870
167.860,111.200,166.16290,1.69710
120.600,116.340,118.48140,2.11860
124.790,90.190,122.71470,2.07530
124.410,83.870,122.07740,2.33260
134.650,111.480,132.35740,2.29260
167.120,113.200,164.12250,2.99750
120.980,104.400,119.71470,1.26530
87.550,95.870,85.95620,1.59380
113.910,102.690,111.17620,2.73380
111.590,157.460,108.88860,2.70140
167.970,145.360,166.22760,1.74240
128.440,132.110,125.63770,2.80230
146.340,98.950,144.71410,1.62590
128.320,110.200,127.21500,1.10500
100.120,120.680,98.78650,1.33350
97.470,155.510,95.81330,1.65670
134.340,115.460,132.61040,1.72960
110.960,110.460,108.11950,2.84050
126.170,119.400,124.64210,1.52790
119.070,141.310,117.21740,1.85260
114.560,137.020,112.77830,1.78170
105.150,128.340,103.28390,1.86610
151.800,90.850,149.28740,2.51260
136.930,145.490,135.17170,1.75830
118.300,125.960,117.01120,1.28880
151.470,130.580,150.79872,0.67128
137.180,126.570,134.21060,2.96940
124.660,83.180,121.78410,2.87590
140.140,113.390,137.46570,2.67430
105.250,132.480,102.99020,2.25980
88.020,92.470,85.75690,2.26310
82.600,73.230,79.38410,3.21590
188.390,100.800,186.69590,1.69410
114.980,136.410,113.94710,1.03290
84.810,115.950,83.19890,1.61110
125.810,151.240,123.21950,2.59050
131.640,116.670,128.40730,3.23270
105.710,126.310,104.60640,1.10360
144.540,106.200,141.38670,3.15330
108.140,133.650,105.53140,2.60860
108.460,64.850,107.24200,1.21800
156.210,125.150,154.40670,1.80330
108.480,142.430,107.00700,1.47300
100.860,113.270,99.35820,1.50180
119.090,105.890,116.81670,2.27330
115.970,129.880,114.66160,1.30840
90.970,100.470,87.05970,3.91030
161.920,137.950,160.16640,1.75360
172.500,106.670,171.24950,1.25050
132.880,118.400,130.80000,2.08000
166.540,94.810,164.90380,1.63620
89.840,127.300,87.77320,2.06680
96.040,153.620,94.22730,1.81270
111.660,112.670,109.32870,2.33130
79.230,87.630,77.39150,1.83850
119.170,135.030,117.32730,1.84270
123.390,135.830,120.93510,2.45490
134.990,124.940,132.12780,2.86220
120.260,99.010,118.02460,2.23540
113.890,124.210,111.25890,2.63110
154.070,114.940,152.66910,1.40090
126.040,150.540,123.87400,2.16600
150.400,151.930,148.39500,2.00500
109.190,130.170,107.22330,1.96670
99.780,73.790,97.70400,2.07600
131.370,106.220,130.54592,0.82408
114.370,97.500,113.37438,0.99562
34.580,150.560,33.48320,1.09680
125.570,100.270,123.73890,1.83110
102.570,90.180,101.13120,1.43880
94.800,109.370,93.30920,1.49080
130.100,107.460,127.98300,2.11700
103.340,91.390,101.06220,2.27780
108.330,129.460,105.62850,2.70150
143.570,84.340,141.91490,1.65510
71.890,104.470,70.05560,1.83440
119.850,119.950,118.38040,1.46960
64.040,117.630,62.02640,2.01360
112.700,128.680,110.97910,1.72090
103.380,126.680,100.64690,2.73310
80.350,130.590,77.38860,2.96140
76.620,109.950,74.98750,1.63250
105.170,121.930,103.61450,1.55550
118.450,127.270,116.06910,2.38090
134.620,97.000,133.52610,1.09390
101.150,99.770,99.27040,1.87960
98.690,134.690,96.25920,2.43080
114.610,77.070,112.67030,1.93970
83.060,100.590,81.52200,1.53800
126.980,116.420,125.19640,1.78360
144.700,142.290,142.85110,1.84890
93.740,87.070,92.07560,1.66440
102.330,101.840,100.81400,1.51600
120.080,125.740,117.62360,2.45640
115.530,102.460,113.09760,2.43240
106.940,80.870,104.73940,2.20060
114.110,139.110,110.89260,3.21740
114.070,163.160,112.15700,1.91300
79.910,116.710,78.40630,1.50370
83.680,69.870,81.65790,2.02210
106.120,118.720,103.50220,2.61780
187.130,103.100,184.75830,2.37170
151.220,91.410,149.50790,1.71210
95.450,123.750,94.01310,1.43690
129.090,118.700,126.74570,2.34430
133.180,72.140,132.04590,1.13410
102.520,96.580,100.17010,2.34990
83.040,104.730,81.67490,1.36510
144.360,97.460,141.95410,2.40590
101.630,112.000,98.58980,3.04020
89.000,122.480,86.56620,2.43380
120.150,92.810,118.00940,2.14060
125.020,101.120,124.01200,1.00800
94.310,130.060,92.58310,1.72690
114.300,142.430,111.70030,2.59970
152.490,40.360,150.86100,1.62900
136.090,113.840,134.41330,1.67670
140.390,111.640,138.05210,2.33790
108.560,131.930,106.43060,2.12940
183.380,133.170,180.47960,2.90040
122.710,130.950,120.27970,2.43030
90.190,112.710,88.40230,1.78770
137.460,115.470,135.72720,1.73280
91.850,128.360,89.77520,2.07480
98.200,96.410,97.05590,1.14410
121.500,73.800,120.21480,1.28520
150.700,118.810,148.46940,2.23060
72.470,157.490,69.88740,2.58260
109.880,85.470,108.14010,1.73990
107.690,97.860,105.45940,2.23060
81.850,84.390,79.87670,1.97330
119.050,90.750,117.05740,1.99260
108.090,136.670,106.03010,2.05990
148.320,111.030,146.37560,1.94440
65.050,81.170,63.07290,1.97710
100.830,122.330,99.17330,1.65670
146.490,106.040,144.88860,1.60140
129.840,93.930,127.75510,2.08490
158.550,148.570,156.43330,2.11670
103.450,108.790,101.32710,2.12290
108.790,116.990,106.86730,1.92270
93.830,99.870,91.93890,1.89110
128.000,97.170,125.99950,2.00050
103.330,103.590,101.45390,1.87610
153.860,109.470,150.49130,3.36870
85.970,127.110,83.36390,2.60610
105.810,81.800,103.08970,2.72030
74.760,65.800,72.28830,2.47170
91.150,99.100,89.70420,1.44580
63.250,110.230,61.53300,1.71700
63.400,120.000,60.08840,3.31160
99.430,126.500,97.98790,1.44210
129.120,103.720,127.45230,1.66770
93.920,112.560,92.25430,1.66570
88.600,112.600,86.34160,2.25840
119.770,96.150,117.31430,2.45570
138.290,134.760,136.83120,1.45880
139.940,53.020,138.11630,1.82370
139.010,161.810,136.73120,2.27880
165.100,120.310,163.08560,2.01440
137.690,111.070,135.27920,2.41080
78.650,86.050,76.36060,2.28940
89.210,98.300,86.89090,2.31910
138.980,121.980,137.20750,1.77250
145.610,115.720,143.43440,2.17560
167.980,65.220,165.12270,2.85730
134.260,102.560,133.06980,1.19020
107.300,160.150,105.42370,1.87630
159.760,150.120,157.15660,2.60340
123.560,171.050,120.95760,2.60240
86.780,101.010,82.87460,3.90540
112.390,131.250,110.44970,1.94030
108.760,123.890,107.39900,1.36100
99.330,135.200,97.10180,2.22820
134.920,129.460,132.77870,2.14130
84.770,92.030,82.75930,2.01070
143.230,140.020,141.13390,2.09610
77.430,93.670,75.35450,2.07550
111.190,131.860,109.56230,1.62770
119.780,93.030,118.42450,1.35550
125.070,77.290,123.62950,1.44050
126.730,129.270,124.17960,2.55040
139.430,134.880,136.66400,2.76600
133.020,97.300,130.94110,2.07890
150.080,117.760,148.67240,1.40760
140.190,116.830,138.52860,1.66140
130.250,103.050,127.84550,2.40450
119.190,131.630,117.15960,2.03040
123.650,152.840,122.65612,0.99388
165.040,132.540,162.36180,2.67820
85.960,98.760,84.85040,1.10960
158.590,103.930,156.82700,1.76300
121.150,111.810,119.22330,1.92670
111.420,70.050,109.45240,1.96760
115.290,87.370,113.19650,2.09350
142.520,101.840,141.08330,1.43670
99.710,94.610,97.25480,2.45520
132.640,139.570,130.46070,2.17930
124.330,94.300,122.32880,2.00120
97.350,94.490,95.35250,1.99750
118.670,93.110,116.93480,1.73520
157.260,81.170,154.98290,2.27710
109.430,118.020,108.33040,1.09960
108.380,167.210,106.36110,2.01890
139.040,109.870,136.47150,2.56850
111.050,136.700,110.10709,0.94291
119.170,143.880,117.56970,1.60030
127.420,129.200,125.79050,1.62950
103.220,85.130,100.75120,2.46880
84.340,100.920,82.46840,1.87160
104.970,126.360,103.08190,1.88810
124.170,128.070,122.38600,1.78400
149.730,83.130,147.38340,2.34660
101.050,114.660,99.38610,1.66390
140.270,105.180,138.18400,2.08600
154.030,139.270,151.22640,2.80360
85.220,106.950,83.67010,1.54990
139.380,102.680,137.80980,1.57020
107.030,147.670,104.95670,2.07330
131.240,118.220,128.63730,2.60270
65.760,104.120,64.25620,1.50380
69.050,102.460,66.99990,2.05010
122.010,132.810,119.56180,2.44820
113.170,126.580,110.74910,2.42090
75.620,92.270,73.86040,1.75960
134.880,103.400,133.16900,1.71100
120.570,91.670,118.12880,2.44120
67.200,120.610,65.19220,2.00780
118.790,144.250,116.82070,1.96930
157.530,86.400,156.62531,0.90469
137.850,131.080,135.86880,1.98120
150.660,122.150,148.21360,2.44640
130.490,172.400,128.52310,1.96690
91.800,90.340,89.38600,2.41400
127.720,94.190,126.14520,1.57480
114.330,91.550,111.70130,2.62870
110.120,110.140,106.76860,3.35140
93.900,118.960,91.83180,2.06820
115.900,113.810,114.03190,1.86810
130.500,71.840,127.93380,2.56620
120.690,83.930,117.93000,2.76000
75.840,76.740,74.08080,1.75920
140.510,125.590,138.62160,1.88840
107.740,129.390,106.46050,1.27950
63.800,124.460,61.32230,2.47770
168.620,133.710,167.65812,0.96188
131.700,80.890,128.86370,2.83630
80.500,149.340,79.62790,0.87210
131.230,98.280,129.55230,1.67770
181.080,92.240,179.06570,2.01430
71.880,98.600,69.22370,2.65630
86.940,136.550,85.35630,1.58370
93.780,92.760,91.56850,2.21150
115.550,115.560,113.35790,2.19210
76.620,108.810,75.44400,1.17600
104.540,66.900,102.73370,1.80630
120.210,152.800,117.99450,2.21550
100.490,100.210,98.58560,1.90440
113.520,133.460,111.78330,1.73670
134.800,144.520,132.00070,2.79930
138.540,99.800,137.11420,1.42580
122.010,133.140,120.60910,1.40090
101.590,137.490,99.96210,1.62790
119.470,117.810,117.12950,2.34050
122.950,127.810,121.76150,1.18850
143.000,86.750,141.20490,1.79510
71.520,89.030,69.20170,2.31830
154.180,111.220,151.54430,2.63570
106.230,117.130,103.93210,2.29790
136.220,127.370,135.27755,0.94245
35.750,115.400,34.05210,1.69790
123.980,90.150,121.26140,2.71860
111.640,133.200,109.08410,2.55590
113.950,123.760,112.28070,1.66930
119.070,109.090,116.99680,2.07320
104.430,90.790,102.13820,2.29180
131.800,122.490,130.02750,1.77250
109.050,81.910,107.67840,1.37160
63.930,135.600,61.24980,2.68020
118.660,86.590,117.07180,1.58820
114.720,127.800,112.96490,1.75510
85.810,88.360,85.03825,0.77175
132.100,115.430,129.62050,2.47950
122.750,87.750,120.11780,2.63220
127.090,78.620,126.25071,0.83929
144.210,103.770,142.74280,1.46720
130.660,95.610,128.12090,2.53910
72.270,78.970,71.00300,1.26700
131.410,123.790,129.89790,1.51210
136.260,77.050,134.25510,2.00490
127.820,125.970,125.69490,2.12510
100.710,108.930,99.16770,1.54230
115.650,64.900,113.46620,2.18380
96.670,104.190,94.29810,2.37190
95.800,80.050,93.74690,2.05310
107.590,76.840,105.54580,2.04420
97.010,89.330,94.36300,2.64700
129.760,158.620,128.10100,1.65900
119.540,135.500,117.37470,2.16530
123.360,75.050,121.22820,2.13180
154.830,86.790,153.25510,1.57490
138.280,78.600,136.08060,2.19940
73.950,104.660,72.06850,1.88150
105.160,133.120,103.54420,1.61580
79.220,146.810,76.92880,2.29120
69.070,95.970,66.61450,2.45550
131.350,88.970,129.19070,2.15930
122.520,89.360,120.02470,2.49530
107.330,86.390,104.96280,2.36720
129.730,99.370,127.94350,1.78650
65.980,157.990,63.93080,2.04920
112.240,142.070,110.99610,1.24390
139.120,86.230,137.41730,1.70270
114.560,105.330,112.51580,2.04420
102.670,140.640,100.24790,2.42210
85.120,108.340,83.03530,2.08470
165.670,61.600,164.03720,1.63280
81.090,155.230,78.82940,2.26060
62.230,113.140,60.14590,2.08410
82.110,105.660,80.46260,1.64740
130.970,141.850,128.43450,2.53550
136.640,127.200,135.19540,1.44460
118.180,70.220,116.37940,1.80060
95.860,123.110,93.14050,2.71950
92.770,122.910,91.02270,1.74730
129.420,117.960,126.91170,2.50830
100.400,105.000,98.63680,1.76320
124.290,135.220,121.61900,2.67100
103.840,98.930,102.59770,1.24230
99.160,106.470,97.11220,2.04780
135.340,78.060,134.02040,1.31960
98.140,93.250,95.92110,2.21890
112.560,115.960,110.14110,2.41890
96.870,101.900,95.27420,1.59580
117.330,112.930,115.99620,1.33380
103.570,99.270,101.84850,1.72150
112.090,100.360,110.00310,2.08690
146.750,114.610,144.60480,2.14520
153.660,89.980,152.27850,1.38150
139.530,94.980,137.46510,2.06490
90.700,137.870,88.06250,2.63750
90.790,113.000,89.34270,1.44730
129.670,143.320,127.58410,2.08590
105.840,141.140,102.94160,2.89840
62.490,106.430,60.46950,2.02050
86.650,153.850,84.08480,2.56520
125.770,89.740,123.18440,2.58560
148.730,133.320,146.10330,2.62670
127.460,102.510,124.77540,2.68460
96.880,142.700,94.75860,2.12140
106.340,78.510,104.16530,2.17470
107.470,121.780,104.87170,2.59830
103.270,118.970,101.50170,1.76830
103.590,88.290,101.32520,2.26480
152.610,92.410,151.13380,1.47620
120.230,122.850,117.93600,2.29400
134.190,134.090,132.58230,1.60770
91.250,132.010,89.64520,1.60480
90.990,77.070,89.01480,1.97520
190.280,92.460,187.97490,2.30510
92.040,100.590,90.75440,1.28560
105.710,119.090,103.31060,2.39940
149.250,113.470,147.72450,1.52550
172.560,73.130,170.27010,2.28990
96.410,84.950,94.48980,1.92020
147.040,128.570,145.91700,1.12300
161.560,108.080,160.06720,1.49280
64.670,13.350,63.31070,1.35930
132.700,133.840,130.94720,1.75280
123.440,99.450,120.73810,2.70190
132.440,98.850,130.14750,2.29250
65.390,105.220,63.72780,1.66220
122.150,95.070,119.68070,2.46930
86.610,63.500,84.71720,1.89280
108.090,102.430,106.00960,2.08040
108.640,102.870,105.59740,3.04260
106.740,117.540,104.08960,2.65040
120.290,99.760,118.42650,1.86350
130.100,117.620,127.83870,2.26130
174.830,129.940,172.28870,2.54130
139.210,127.050,137.06320,2.14680
109.020,138.810,106.81130,2.20870
129.700,99.540,127.33340,2.36660
106.930,93.900,105.23650,1.69350
102.620,73.020,100.64100,1.97900
91.930,100.370,91.35821,0.57179
64.880,133.090,62.80790,2.07210
95.750,148.900,94.45950,1.29050
79.940,81.690,78.06610,1.87390
118.590,106.880,116.19860,2.39140
116.050,111.140,113.61840,2.43160
123.050,125.480,121.22010,1.82990
59.860,82.040,57.89840,1.96160
91.840,82.890,90.25910,1.58090
106.180,124.250,104.00200,2.17800
130.760,168.570,128.41220,2.34780
118.490,134.700,116.96330,1.52670
102.170,98.470,99.34310,2.82690
106.500,157.950,104.65100,1.84900
99.880,73.920,97.53290,2.34710
150.110,65.430,147.98290,2.12710
89.760,128.490,87.87920,1.88080
125.170,92.270,123.04020,2.12980
65.850,97.530,64.09970,1.75030
160.120,86.640,158.49930,1.62070
110.660,76.080,107.98580,2.67420
105.780,103.310,103.07860,2.70140
121.050,114.590,118.83640,2.21360
102.450,124.620,100.24330,2.20670
124.640,166.320,123.27740,1.36260
129.070,137.300,126.43630,2.63370
128.740,121.030,126.32110,2.41890
97.110,74.220,94.86360,2.24640
111.760,105.110,110.73020,1.02980
102.530,105.620,100.72570,1.80430
130.840,86.220,129.33160,1.50840
80.680,70.630,79.47240,1.20760
135.870,100.520,133.43740,2.43260
114.120,111.620,111.85370,2.26630
127.220,130.470,124.80960,2.41040
138.640,99.190,136.34670,2.29330
136.960,123.490,135.66440,1.29560
105.900,71.760,103.96060,1.93940
85.760,131.990,83.81370,1.94630
109.560,56.930,107.41470,2.14530
114.740,118.090,113.10500,1.63500
109.090,68.690,106.70700,2.38300
82.470,146.500,80.35410,2.11590
61.830,125.830,59.91240,1.91760
97.320,160.860,94.97620,2.34380
99.610,73.960,97.37410,2.23590
88.920,83.130,87.02060,1.89940
129.670,128.040,127.66370,2.00630
138.980,106.070,136.23210,2.74790
115.950,141.210,114.34570,1.60430
98.780,113.780,96.22400,2.55600
107.610,142.340,106.14860,1.46140
136.990,95.750,135.11020,1.87980
115.220,125.780,113.05120,2.16880
126.490,100.270,124.46700,2.02300
131.060,89.550,129.68600,1.37400
100.840,95.370,98.73020,2.10980
92.050,129.810,89.78210,2.26790
126.820,107.480,124.74560,2.07440
92.120,116.540,89.99010,2.12990
121.120,124.900,118.63860,2.48140
102.380,108.460,100.59600,1.78400
131.270,92.270,130.03690,1.23310
109.570,153.510,107.24120,2.32880
122.880,138.990,120.92480,1.95520
107.310,79.290,105.34720,1.96280
93.870,101.980,91.30690,2.56310
127.870,134.640,125.51720,2.35280
123.300,110.410,121.04420,2.25580
64.080,161.040,62.25040,1.82960
108.750,122.220,107.61460,1.13540
98.290,108.400,96.43150,1.85850
146.340,107.680,144.90800,1.43200
105.220,93.050,103.18410,2.03590
134.600,88.630,132.57930,2.02070
76.220,111.830,74.88010,1.33990
136.070,92.780,133.31160,2.75840
122.940,112.130,121.55300,1.38700
88.420,120.350,86.12930,2.29070
98.420,94.970,95.86600,2.55400
150.610,110.490,148.10390,2.50610
116.310,164.290,114.18920,2.12080
113.420,96.460,111.01070,2.40930
137.190,110.780,134.74370,2.44630
95.750,116.080,94.18220,1.56780
121.050,117.710,119.46100,1.58900
129.390,117.140,126.98210,2.40790
136.350,135.090,134.71640,1.63360
185.760,97.520,182.95610,2.80390
93.370,124.050,92.58555,0.78445
123.890,111.730,122.04080,1.84920
122.440,115.010,120.27470,2.16530
124.770,77.550,122.85250,1.91750
74.030,79.060,72.33750,1.69250
109.850,145.910,107.55470,2.29530
128.940,109.000,127.31480,1.62520
138.490,125.640,137.42390,1.06610
112.390,151.350,111.12400,1.26600
125.870,117.970,122.98920,2.88080
122.640,132.750,121.22720,1.41280
115.140,120.590,113.25860,1.88140
102.360,98.040,100.04600,2.31400
123.150,66.550,121.24930,1.90070
145.330,145.930,143.61530,1.71470
63.270,105.750,61.89320,1.37680
153.470,61.380,151.39110,2.07890
96.030,122.820,94.21990,1.81010
117.420,129.870,116.10230,1.31770
118.960,84.050,117.19910,1.76090
125.910,110.910,124.62520,1.28480
97.420,152.310,96.02320,1.39680
147.220,119.990,145.83220,1.38780
86.970,91.070,85.56180,1.40820
77.010,119.290,74.80110,2.20890
107.420,136.220,106.01810,1.40190
92.130,125.580,89.84740,2.28260
125.120,25.540,124.16166,0.95834
120.920,138.460,119.07740,1.84260
152.580,122.500,150.89210,1.68790
128.870,72.510,127.47930,1.39070
91.900,95.100,90.41810,1.48190
123.980,109.920,122.11020,1.86980
138.060,81.800,136.53460,1.52540
63.940,106.210,61.72410,2.21590
107.110,114.870,105.16320,1.94680
118.430,98.180,115.85720,2.57280
121.710,114.270,119.53290,2.17710
127.190,161.120,124.48540,2.70460
139.230,121.280,136.53830,2.69170
140.380,101.210,138.43570,1.94430
90.300,111.070,89.00010,1.29990
138.450,77.630,136.81620,1.63380
107.130,119.500,104.76410,2.36590
102.040,99.910,100.07360,1.96640
107.590,84.010,105.78380,1.80620
138.000,126.630,136.32920,1.67080
176.030,106.220,174.30840,1.72160
103.640,106.510,101.43220,2.20780
159.150,168.770,157.46280,1.68720
126.190,103.500,124.27700,1.91300
130.100,134.500,129.29580,0.80420
114.900,110.430,113.31760,1.58240
86.500,88.320,83.90190,2.59810
133.730,132.880,132.00500,1.72500
123.210,122.700,120.72530,2.48470
131.140,87.420,129.09180,2.04820
97.920,122.850,95.21550,2.70450
126.530,74.770,124.47480,2.05520
112.800,92.320,111.26050,1.53950
110.240,127.600,108.85310,1.38690
148.570,112.090,146.41800,2.15200
146.990,123.800,145.11390,1.87610
119.700,128.770,117.21830,2.48170
105.200,124.740,102.54900,2.65100
149.360,143.790,147.24480,2.11520
101.370,126.770,99.19190,2.17810
81.330,131.170,79.80210,1.52790
90.730,105.190,88.86490,1.86510
116.280,100.480,114.27540,2.00460
93.970,105.440,92.01320,1.95680
92.600,90.180,90.09650,2.50350
124.980,140.660,122.44450,2.53550
141.560,113.660,140.25250,1.30750
112.020,114.110,109.35150,2.66850
120.090,148.140,118.97400,1.11600
130.520,119.180,128.04600,2.47400
122.220,113.930,120.34440,1.87560
149.460,122.470,147.76860,1.69140
66.580,160.930,64.49910,2.08090
154.300,111.660,152.46840,1.83160
103.290,77.270,101.08830,2.20170
109.990,92.810,107.99730,1.99270
112.150,166.450,110.27850,1.87150
103.100,87.030,101.07480,2.02520
80.350,121.060,78.21940,2.13060
131.900,152.160,129.91560,1.98440